{"dataset": "cola", "error": [0.442398274301508, 1.0, 1.0, 0.4942195949536452, 1.0, 1.0124980313745566, 0.6799255709272158, 1.0, 1.0, 0.5073696373366554, 0.977079862305439, 1.0, 0.522629957044204, 0.6645369751149023, 1.0, 0.46171827379137564, 1.0, 1.0, 1.0, 1.0, 0.9812930918973092, 1.0, 1.0, 1.0, 1.0, 0.4714605252727416, 1.0, 0.8955018305966459, 1.0, 1.0, 0.9037848846882399, 1.0, 1.0, 1.0, 1.0, 0.8863520898374495, 1.0, 1.0, 1.0, 1.0, 0.5991250578606053, 1.0, 1.0, 1.0, 1.0, 1.0, 1.0, 0.8584687087747209, 0.8732516588515638, 1.0, 0.8602593877330351, 1.0, 0.9669718936556427, 0.5437724083224604, 1.0, 1.0, 1.0, 1.0, 1.0, 1.0, 1.0, 0.518299820587411, 1.0, 1.0, 1.0, 0.4661804112808975, 1.0, 0.6368870846787881, 0.4611545143024911, 0.4765845822847684, 1.0, 1.0, 1.0, 1.0, 1.0, 0.46115688958288237, 0.7346149627376084, 0.46335908901061873, 0.7399515250054507, 1.0, 1.0, 0.4552134423444576, 1.0124980313745566, 1.0, 1.0, 1.0, 0.7289220188336443, 1.0, 0.5386967874935854, 1.0, 1.0, 1.0, 1.0, 1.0, 0.47346040276852663, 1.0, 0.8832142361153545, 0.711819128150347, 1.0, 0.47462095598448784], "test_error": [0.4646074190876329, 1.0, 1.0, 0.47582463811318676, 1.0, 1.0, 0.6752874374533544, 1.0, 0.9536440125057528, 0.49503939832105537, 0.9196319086929741, 1.0, 0.5129043677485945, 0.6301072552150411, 1.0, 0.4596026083811958, 1.0, 1.0, 1.0, 1.0, 1.0, 1.0, 1.0, 0.9536440125057528, 1.0, 0.49327252949579636, 1.0, 0.9398094026220325, 1.0, 1.0, 0.8527722972246811, 1.0, 1.0, 1.0, 1.0, 0.845511487900411, 1.0, 1.0, 1.0, 1.0, 0.540723295007236, 1.0, 1.0, 1.0, 1.0, 1.0, 1.0, 0.8301134912295565, 0.845511487900411, 0.9536440125057528, 0.8527722972246811, 1.0, 1.0, 0.4980722480819324, 1.0, 1.0, 1.0, 1.0, 1.0, 1.0, 1.0, 0.5078735066014564, 1.0, 1.0, 1.0, 0.5109440887484522, 1.0, 0.5848768297659881, 0.4752080786852617, 0.4796878408169002, 1.0, 1.0, 1.0, 1.0, 1.0, 0.4591626962721084, 0.6728774281161669, 0.4593605587330849, 0.7362063292958203, 1.0, 1.0, 0.4841144449432072, 0.9344112537068103, 1.0, 1.0, 1.0, 0.777406192538593, 1.0, 0.5500847483382857, 1.0, 1.0, 1.0, 1.0, 1.0, 0.4788425633038247, 1.0, 0.8684428322561134, 0.6953808902181304, 1.0, 0.5066471371793193], "params": [1.0, 0.21472585491831409, 0.41924467885819655, 0.6325758751515648, 0.21472585491831409, 0.5831787503135623, 0.4448513786262089, 0.24292414649889058, 0.5106900346324191, 0.6568496824122873, 0.5195928311049367, 0.48470372713741927, 0.6401748987483452, 0.5778180791180574, 0.45907745424991053, 0.8317041142604855, 0.21472585491831409, 0.21472585491831409, 0.349030987479574, 0.4217740798533419, 0.39993572261418214, 0.4320161023991751, 0.2910654341387149, 0.4732483558348808, 0.21472585491831409, 0.6831277401790258, 0.36462003543288585, 0.47290416437505756, 0.2664892406469802, 0.421153242661165, 0.6949680371881884, 0.4704209633280064, 0.26144365051234947, 0.39051071162045947, 0.48388420431714696, 0.692818133128788, 0.3314516025537751, 0.4091357535249388, 0.30344836818810433, 0.27636583674485726, 0.5909514945784767, 0.4085538409892698, 0.3517315240138633, 0.3682226896586808, 0.3693535635679987, 0.2955052823879501, 0.3883608444914733, 0.5136203891339273, 0.6284286635040075, 0.4921022185853971, 0.6245760088396639, 0.2603465494667664, 0.4540688960880628, 0.6705867993527206, 0.4082807775070881, 0.25286104996306497, 0.40445286622022103, 0.2614826767274963, 0.24389886015200005, 0.30455705615112516, 0.21472585491831409, 0.7109127804253295, 0.425493858887595, 0.5723531533634236, 0.3404047536459782, 0.78834156681529, 0.47550295761837974, 0.5145755019697298, 0.7781916487223323, 0.6369350304458951, 0.21472585491831409, 0.29656953383015205, 0.23158415504274188, 0.4865768746732235, 0.2605079353765762, 0.7514460888429434, 0.4628217920095694, 0.8322256824994431, 0.4126352795692363, 0.5599967907470109, 0.39729457018583664, 0.9848445705043615, 0.494833924389224, 0.23662710465276132, 0.5548882065584538, 0.35356733490096787, 0.4763090377679036, 0.3817418802252497, 0.5859680306330399, 0.4161873760580679, 0.2836207242774357, 0.37326018280001044, 0.21472585491831409, 0.31453654038280776, 0.730143628843429, 0.4039987329174907, 0.656036326971177, 0.42856772497846723, 0.23734547506869288, 0.6890877919960898], "params_pareto": [1.0, 0.21472585491831409, 0.6325758751515648, 0.4448513786262089, 0.39993572261418214, 0.6831277401790258, 0.5145755019697298, 0.7781916487223323, 0.6369350304458951, 0.7514460888429434, 0.4126352795692363, 0.9848445705043615, 0.5859680306330399, 0.42856772497846723], "test_pareto": [1.0, 1.0, 0.4646074190876329, 1.0, 0.4646074190876329, 0.4646074190876329, 1.0, 0.4646074190876329, 0.4646074190876329, 0.4646074190876329, 0.4646074190876329, 0.4646074190876329, 0.4646074190876329, 0.4646074190876329, 0.4646074190876329, 0.4646074190876329, 0.4646074190876329, 0.4646074190876329, 0.4646074190876329, 0.4646074190876329, 1.0, 0.4646074190876329, 0.4646074190876329, 0.4646074190876329, 0.4646074190876329, 1.0, 0.4646074190876329, 0.4646074190876329, 0.4646074190876329, 0.4646074190876329, 0.4646074190876329, 0.4646074190876329, 0.4646074190876329, 0.4646074190876329, 0.4646074190876329, 0.4646074190876329, 0.4646074190876329, 0.4646074190876329, 0.4646074190876329, 0.4646074190876329, 0.4646074190876329, 0.4646074190876329, 0.4646074190876329, 0.4646074190876329, 0.4646074190876329, 0.4646074190876329, 0.4646074190876329, 0.4646074190876329, 0.4646074190876329, 0.4646074190876329, 0.4646074190876329, 0.4646074190876329, 0.4646074190876329, 0.4646074190876329, 0.4646074190876329, 0.4646074190876329, 0.4646074190876329, 0.4646074190876329, 0.4646074190876329, 0.4646074190876329, 0.4646074190876329, 0.4646074190876329, 0.4646074190876329, 0.4646074190876329, 0.4646074190876329, 0.4646074190876329, 0.4646074190876329, 1.0, 1.0, 1.0, 0.4646074190876329, 0.4646074190876329, 0.4646074190876329, 0.4646074190876329, 0.4646074190876329, 1.0, 0.4646074190876329, 0.4646074190876329, 1.0, 0.4646074190876329, 0.4646074190876329, 1.0, 0.4646074190876329, 0.4646074190876329, 0.4646074190876329, 0.4646074190876329, 0.4646074190876329, 0.4646074190876329, 1.0, 0.4646074190876329, 0.4646074190876329, 0.4646074190876329, 0.4646074190876329, 0.4646074190876329, 0.4646074190876329, 0.4646074190876329, 0.4646074190876329, 1.0, 0.4646074190876329, 0.4646074190876329], "config": [{"num_layers": 12, "num_units": 3072, "num_heads": 12}, {"num_layers": 0, "num_units": 1, "num_heads": 1}, {"num_layers": 6, "num_units": 1535, "num_heads": 5}, {"num_layers": 12, "num_units": 1971, "num_heads": 1}, {"num_layers": 0, "num_units": 2871, "num_heads": 10}, {"num_layers": 7, "num_units": 2554, "num_heads": 8}, {"num_layers": 9, "num_units": 1223, "num_heads": 2}, {"num_layers": 1, "num_units": 1024, "num_heads": 6}, {"num_layers": 7, "num_units": 1440, "num_heads": 12}, {"num_layers": 9, "num_units": 2979, "num_heads": 1}, {"num_layers": 7, "num_units": 2106, "num_heads": 6}, {"num_layers": 6, "num_units": 2592, "num_heads": 2}, {"num_layers": 10, "num_units": 2035, "num_heads": 6}, {"num_layers": 12, "num_units": 977, "num_heads": 8}, {"num_layers": 5, "num_units": 2865, "num_heads": 2}, {"num_layers": 12, "num_units": 2564, "num_heads": 7}, {"num_layers": 0, "num_units": 102, "num_heads": 12}, {"num_layers": 0, "num_units": 639, "num_heads": 11}, {"num_layers": 3, "num_units": 2672, "num_heads": 1}, {"num_layers": 7, "num_units": 737, "num_heads": 10}, {"num_layers": 9, "num_units": 391, "num_heads": 7}, {"num_layers": 6, "num_units": 1685, "num_heads": 5}, {"num_layers": 2, "num_units": 2207, "num_heads": 1}, {"num_layers": 8, "num_units": 1122, "num_heads": 8}, {"num_layers": 0, "num_units": 1708, "num_heads": 10}, {"num_layers": 10, "num_units": 2818, "num_heads": 1}, {"num_layers": 6, "num_units": 221, "num_heads": 12}, {"num_layers": 10, "num_units": 472, "num_heads": 10}, {"num_layers": 2, "num_units": 1245, "num_heads": 2}, {"num_layers": 7, "num_units": 1115, "num_heads": 6}, {"num_layers": 8, "num_units": 2979, "num_heads": 9}, {"num_layers": 6, "num_units": 2040,